{
  "manifest": {
    "apis": {
      "custom": {
        "endpoint": {
          "uri": "arn:aws:lambda:us-east-1:073379398509:function:2b2ede40-f258-4b8c-9981-d99cb1bb9fc6:Release_0"
        },
        "interfaces": [],
        "regions": {
          "NA": {
            "endpoint": {
              "uri": "arn:aws:lambda:us-east-1:073379398509:function:2b2ede40-f258-4b8c-9981-d99cb1bb9fc6:Release_0"
            }
          },
          "EU": {
            "endpoint": {
              "uri": "arn:aws:lambda:eu-west-1:073379398509:function:2b2ede40-f258-4b8c-9981-d99cb1bb9fc6:Release_0"
            }
          },
          "FE": {
            "endpoint": {
              "uri": "arn:aws:lambda:us-west-2:073379398509:function:2b2ede40-f258-4b8c-9981-d99cb1bb9fc6:Release_0"
            }
          }
        }
      }
    },
    "manifestVersion": "1.0",
    "permissions": [
      {
        "name": "alexa::alerts:reminders:skill:readwrite"
      }
    ],
    "publishingInformation": {
      "distributionCountries": [],
      "isAvailableWorldwide": true,
      "locales": {
        "en-US": {
          "description": "Sample Full Description",
          "examplePhrases": [
            "Alexa open hello world",
            "hello",
            "help"
          ],
          "keywords": [],
          "name": "auto voice prompt",
          "summary": "Sample Short Description"
        }
      },
      "testingInstructions": "Sample Testing Instructions."
    }
  }
}